{"styles":[{"name":"Display","font":"Helvetica-Bold","size":28,"color":{"red":0.1882352941,"green":0.1882352941,"blue":0.1882352941,"alpha":1},"alignment":0,"spacing":null,"lineHeight":0,"textTransform":0},{"name":"Headline","font":"Helvetica-Bold","size":26,"color":{"red":0.1882352941,"green":0.1882352941,"blue":0.1882352941,"alpha":1},"alignment":0,"spacing":null,"lineHeight":0,"textTransform":0},{"name":"Title","font":"Helvetica-Bold","size":20,"color":{"red":0.1882352941,"green":0.1882352941,"blue":0.1882352941,"alpha":1},"alignment":0,"spacing":null,"lineHeight":0,"textTransform":0},{"name":"Subhead","font":"Helvetica-Bold","size":16,"color":{"red":0.1882352941,"green":0.1882352941,"blue":0.1882352941,"alpha":1},"alignment":0,"spacing":null,"lineHeight":0,"textTransform":0},{"name":"Body Large","font":"Helvetica-Light","size":16,"color":{"red":0.1882352941,"green":0.1882352941,"blue":0.1882352941,"alpha":1},"alignment":0,"spacing":null,"lineHeight":22,"textTransform":0},{"name":"Body","font":"Helvetica","size":14,"color":{"red":0.1882352941,"green":0.1882352941,"blue":0.1882352941,"alpha":1},"alignment":0,"spacing":null,"lineHeight":20,"textTransform":0},{"name":"Link","font":"Helvetica","size":14,"color":{"red":0.2117647059,"green":0.5921568627,"blue":0.9490196078,"alpha":1},"alignment":0,"spacing":null,"lineHeight":20,"textTransform":0},{"name":"Link Large","font":"Helvetica","size":16,"color":{"red":0.2117647059,"green":0.5921568627,"blue":0.9490196078,"alpha":1},"alignment":0,"spacing":null,"lineHeight":22,"textTransform":0},{"name":"Button","font":"Helvetica","size":14,"color":{"red":0.1882352941,"green":0.1882352941,"blue":0.1882352941,"alpha":1},"alignment":0,"spacing":null,"lineHeight":0,"textTransform":0},{"name":"VALUE ID Style","font":"Helvetica","size":12,"color":{"red":0.2464925945,"green":0.2464992404,"blue":0.2464956939,"alpha":1},"alignment":0,"spacing":null,"lineHeight":0,"textTransform":0},{"name":"Caption","font":"Helvetica","size":12,"color":{"red":0.1882352941,"green":0.1882352941,"blue":0.1882352941,"alpha":1},"alignment":0,"spacing":null,"lineHeight":0,"textTransform":0},{"name":"Caption Bold","font":"Helvetica-Bold","size":12,"color":{"red":0.1882352941,"green":0.1882352941,"blue":0.1882352941,"alpha":1},"alignment":0,"spacing":null,"lineHeight":0,"textTransform":0}]}